{
    "accel": {
        "offset": {
            "x": 0.07764494799999994,
            "y": 0.04765405400000006,
            "z": 0.07946616400000006
        },
        "gain": {
            "x": 0.793350384,
            "y": 0.7921819899999998,
            "z": 0.7887866080000001
        }
    },
    "gyro": {
        "bias": {
            "x": 0.003984066999999996,
            "y": -0.0023652309999999963,
            "z": -0.003519752999999981
        }
    }
}